{
  "name": "LiveGBS",
  "title": "LiveGBS 接口文档",
  "order": [
    "device",
    "DeviceList",
    "DeviceInfo",
    "DeviceChannelList",
    "DeviceChannelTree",
    "DeviceGroupTree",
    "DeviceChannelInfo",
    "DeviceGetChannelNavigate",
    "DeviceFetchCatalog",
    "DeviceFetchInfo",
    "DeviceFetchStatus",
    "DeviceFetchConfig",
    "DeviceFetchPreset",
    "DeviceSetMediaTransport",
    "DeviceSetChannelAudio",
    "DeviceSetChannelShared",
    "DeviceSetChannelOndemand",
    "DeviceSetChannelCloudRecord",
    "DeviceSetChannelName",
    "DeviceSetChannelID",
    "DeviceSetChannelPTZType",
    "DeviceSetName",
    "DeviceSetSMS",
    "DeviceSetInfo",
    "DeviceRemove",
    "DeviceChannelSnap",
    "stream",
    "StreamStart",
    "StreamTouch",
    "StreamStop",
    "StreamList",
    "StreamInfo",
    "StreamRelayStart",
    "StreamRelayList",
    "StreamRelayStop",
    "playback",
    "PlaybackRecordList",
    "PlaybackStart",
    "PlaybackTouch",
    "PlaybackStop",
    "PlaybackControl",
    "PlaybackStreamList",
    "PlaybackStreamInfo",
    "control",
    "ControlPTZ",
    "ControlFI",
    "ControlPreset",
    "ControlHomePosition",
    "ControlNavigate",
    "ControlDragZoomIn",
    "ControlDragZoomOut",
    "ControlTeleBoot",
    "ControlRecord",
    "ControlGuard",
    "ControlWiper",
    "ControlFillLight",
    "ControlAlarmNotify",
    "ControlAlarmReset",
    "ControlIFrame",
    "ControlDeviceConfig",
    "ControlTalk",
    "cloudrecord",
    "CloudRecordQueryChannels",
    "CloudRecordQueryFlags",
    "CloudRecordQueryMonthly",
    "CloudRecordQueryDaily",
    "CloudRecordRemove",
    "CloudRecordRemoveChannel",
    "CloudRecordRemoveDaily",
    "CloudRecordSetImportant",
    "CloudRecordDownload",
    "CloudRecordVideoOperate",
    "CloudRecordVideoHLS",
    "record",
    "RecordStart",
    "RecordStop",
    "alarm",
    "AlarmList",
    "AlarmRemove",
    "AlarmClear",
    "cascade",
    "CascadeList",
    "CascadeInfo",
    "CascadeChannelList",
    "CascadeSave",
    "CascadeSetShareAllChannel",
    "CascadeSaveChannels",
    "CascadeRemoveChannels",
    "CascadePushCatalog",
    "CascadeRemove",
    "blacklist",
    "BlackList",
    "BlackSave",
    "BlackRemove",
    "BlackImport",
    "BlackExport",
    "whitelist",
    "WhiteList",
    "WhiteSave",
    "WhiteRemove",
    "WhiteImport",
    "WhiteExport",
    "user",
    "UserList",
    "UserInfo",
    "UserSave",
    "UserRemove",
    "UserResetPassword",
    "UserSetEnable",
    "UserSetHasAllChannel",
    "UserSaveChannels",
    "UserRemoveChannels",
    "sys",
    "Login",
    "Logout",
    "GetUserInfo",
    "ModifyPassword",
    "GetServerInfo",
    "Restart",
    "redis",
    "SubscribeDevice",
    "SubscribeAlarm",
    "SubscribeMobilePosition"
  ],
  "version": "3.1.0",
  "description": "LiveGBS Stream Server",
  "sampleUrl": false,
  "defaultVersion": "0.0.0",
  "apidoc": "0.3.0",
  "generator": {
    "name": "apidoc",
    "time": "2021-01-14T09:26:31.867Z",
    "url": "https://apidocjs.com",
    "version": "0.25.0"
  }
}
